"","Estimate","Std..Error","t.value","Pr...t.."
"a",0.604245577769261,0.2185857324904,2.76434134508664,0.0219557236167448
