"","Estimate","Std..Error","t.value","Pr...t.."
"x",0.551797802398332,0.202638355815152,2.72306691484254,0.0261244658433828
"a",0.341796479697707,0.180692773034045,1.89158909876992,0.0951927857978859
