"","Estimate","Std..Error","t.value","Pr...t.."
"a",0.558382814132368,0.124423714356824,4.48775233096665,0.0015154122828061
