"","Estimate","Std..Error","t.value","Pr...t.."
"x",1.58236403820029,0.480398496478381,3.29385718273474,0.0109587896698268
"a",-0.200737717250742,0.322662865508263,-0.622128353489135,0.551172261349916
