"","Estimate","Std..Error","t.value","Pr...t.."
"a",0.551336320546141,0.173696397157423,3.17413791862625,0.0112906347857681
