"","Estimate","Std..Error","t.value","Pr...t.."
"x",0.399753484206853,0.386108484164779,1.03533980889229,0.330789750365672
"a",0.408144042483942,0.214430821541528,1.9033832895375,0.0934794461772323
