"","Estimate","Std..Error","t.value","Pr...t.."
"a",0.443136486141291,0.111584261446874,3.97131710507643,0.00324816402621691
