"","Estimate","Std..Error","t.value","Pr...t.."
"a",0.5852357745059,0.169572022621618,3.45125195452667,0.00726034958310605
