"","Estimate","Std..Error","t.value","Pr...t.."
"x",0.580454204081792,0.20193778865852,2.8744209191245,0.0206879898003269
"a",0.403089039866571,0.156588784118702,2.57418845248208,0.0329124455307365
