"","Estimate","Std..Error","t.value","Pr...t.."
"a",0.425807177959974,0.105692042085989,4.02875343834822,0.00297855464941169
