"","Estimate","Std..Error","t.value","Pr...t.."
"x",-0.712635174806943,0.32587433736901,-2.18684042616089,0.0602168869654273
"a",1.1979246495233,0.267882661178431,4.47182600118111,0.00207819177561616
