"","Estimate","Std..Error","t.value","Pr...t.."
"a",0.791768233419632,0.0736790880612086,10.7461730900072,1.95966470248795e-06
