"","Estimate","Std..Error","t.value","Pr...t.."
"x",0.296677002093533,0.294498317165419,1.00739795374413,0.3432382963529
"a",0.356384222001304,0.212414777515687,1.67777508782309,0.13191106426456
