"","Estimate","Std..Error","t.value","Pr...t.."
"a",0.582754688929055,0.141671398332218,4.11342512172075,0.00262356010714441
