"","Estimate","Std..Error","t.value","Pr...t.."
"a",0.712927516489357,0.170302177042833,4.18625016349642,0.00235416665626498
