"","Estimate","Std..Error","t.value","Pr...t.."
"x",0.750452428593664,0.228852798437052,3.27919271129246,0.0112013079421472
"a",0.318578502428605,0.200725056643903,1.58713868490161,0.151142935397633
