"","Estimate","Std..Error","t.value","Pr...t.."
"x",0.191377344523745,0.542248853899829,0.352932686067232,0.733257628675177
"a",0.531386272352902,0.447059327307978,1.1886258487273,0.268671229554499
