"","Estimate","Std..Error","t.value","Pr...t.."
"a",0.782424326833516,0.0866261743528942,9.03219301415884,8.29218596210719e-06
