"","Estimate","Std..Error","t.value","Pr...t.."
"a",0.697483326896662,0.155826828232158,4.47601568234141,0.0015412436749956
