"","Estimate","Std..Error","t.value","Pr...t.."
"x",0.591687584701028,0.3582631762147,1.65154451806244,0.137231729250267
"a",0.210473446063998,0.300817568741267,0.699671388691483,0.503965569596153
