"","Estimate","Std..Error","t.value","Pr...t.."
"x",0.766512627121184,0.298733872770786,2.56587115485668,0.0333410228407512
"a",0.456369376789718,0.228469036661821,1.99751083760744,0.0808273068227959
