"","Estimate","Std..Error","t.value","Pr...t.."
"a",0.422379022103187,0.212524910791786,1.98743300505134,0.0781189604462178
