"","Estimate","Std..Error","t.value","Pr...t.."
"a",0.601806202889074,0.204078366339735,2.94889759107161,0.0162500162004492
