"","Estimate","Std..Error","t.value","Pr...t.."
"x",0.386747681312699,0.215995826499062,1.79053312085351,0.111148999679925
"a",0.273330023852322,0.185429935320902,1.47403397072485,0.178700274338444
