"","Estimate","Std..Error","t.value","Pr...t.."
"a",0.507240148490705,0.157582137561464,3.2188936915065,0.0105080068895915
