"","Estimate","Std..Error","t.value","Pr...t.."
"x",0.829416024194526,0.198737238575852,4.17343035526762,0.00310745749197343
"a",0.27625693132045,0.137801274097652,2.00474874510001,0.0799260028916849
