"","Estimate","Std..Error","t.value","Pr...t.."
"x",0.589669927796956,0.178606256857081,3.30150767488959,0.0108344702865396
"a",0.259175341120866,0.150866397445002,1.71791297141134,0.124137892531608
