"","Estimate","Std..Error","t.value","Pr...t.."
"a",0.697738976776535,0.158694879208293,4.39673277586182,0.00172856051183251
