"","Estimate","Std..Error","t.value","Pr...t.."
"x",0.264101721004436,0.172965919614384,1.52690033732214,0.165302714823472
"a",0.630656630633391,0.135571145997608,4.65184996403673,0.00164072931673646
