"","Estimate","Std..Error","t.value","Pr...t.."
"x",0.712577746932942,0.279471725822488,2.54973108580419,0.0341889717985106
"a",0.0183744299426246,0.242089525929559,0.0758993181223833,0.941362944921935
