"","Estimate","Std..Error","t.value","Pr...t.."
"x",0.753474653344024,0.257694799172833,2.9239032210296,0.0191763066852748
"a",0.495423129862739,0.214315976508648,2.31164814650553,0.0495614065787674
