"","Estimate","Std..Error","t.value","Pr...t.."
"a",0.609624538417335,0.188569494321588,3.23289056170282,0.0102749663125288
