"","Estimate","Std..Error","t.value","Pr...t.."
"a",0.726987477632702,0.103525773358214,7.02228492529313,6.17122015828867e-05
