"","Estimate","Std..Error","t.value","Pr...t.."
"x",0.397950148783659,0.211209398491912,1.88414981352687,0.0962888754484419
"a",0.452958006782363,0.16697155816873,2.71278540938472,0.0265434148290767
