"","Estimate","Std..Error","t.value","Pr...t.."
"x",0.699265908750716,0.341768832064885,2.04602012572627,0.0749699838190608
"a",0.0926207600108293,0.254108443145371,0.364493044246635,0.724936385993577
