"","Estimate","Std..Error","t.value","Pr...t.."
"a",0.467982050986969,0.118107086148878,3.96235371006498,0.00329252095320293
