"","Estimate","Std..Error","t.value","Pr...t.."
"x",0.653769046532643,0.165071579032712,3.96051852392522,0.00417400009589587
"a",0.295658983104428,0.139467189700183,2.1199178368763,0.0668337414547549
