"","Estimate","Std..Error","t.value","Pr...t.."
"a",0.598835584210305,0.243808287932547,2.45617402627421,0.0363863140802605
