"","Estimate","Std..Error","t.value","Pr...t.."
"x",0.607136193161844,0.379441952510055,1.60007661025768,0.148249118423202
"a",0.29869458232357,0.358685333378742,0.832748246241151,0.429144673765793
