"","Estimate","Std..Error","t.value","Pr...t.."
"a",0.738175126064185,0.127960167183988,5.76878838398825,0.000269840474258389
