"","Estimate","Std..Error","t.value","Pr...t.."
"x",0.0850397315846478,0.463593062743657,0.18343616075996,0.85901973528514
"a",0.312050701780985,0.385721339967777,0.809005542205815,0.441905699125148
