"","Estimate","Std..Error","t.value","Pr...t.."
"a",0.654865204616397,0.222672977640842,2.94092804414128,0.0164618809907026
