"","Estimate","Std..Error","t.value","Pr...t.."
"x",0.360319139490761,0.36043009833148,0.999692148793255,0.346733667195159
"a",0.228473689376742,0.291342113963876,0.784210996028783,0.455506841941116
