"","Estimate","Std..Error","t.value","Pr...t.."
"a",0.731689988745562,0.114507471689391,6.38988860683535,0.000126771178458064
