"","Estimate","Std..Error","t.value","Pr...t.."
"x",0.650431018044523,0.194572771475769,3.34286762279852,0.010187654668637
"a",0.312070554449611,0.192964203798243,1.61724583268253,0.144486915754567
