"","Estimate","Std..Error","t.value","Pr...t.."
"x",0.424287327651633,0.171246054723467,2.4776473147763,0.038251685185647
"a",0.0897213745742255,0.196468380914867,0.456670809605252,0.66005138769426
