"","Estimate","Std..Error","t.value","Pr...t.."
"a",0.766835829508785,0.284454719153381,2.69580983501032,0.0245616730109088
