"","Estimate","Std..Error","t.value","Pr...t.."
"x",0.300135165451719,0.356974918508366,0.840773818804541,0.424889578462601
"a",0.3747685087735,0.247668111656256,1.51318838047931,0.168688398832656
