"","Estimate","Std..Error","t.value","Pr...t.."
"a",0.45943507427035,0.173292824757478,2.65120656272599,0.0264238890869238
