"","Estimate","Std..Error","t.value","Pr...t.."
"x",0.679477467337949,0.342873140097569,1.98171681556798,0.0828283396425386
"a",0.25029046576982,0.258284088153875,0.969051045919278,0.360900417596189
