"","Estimate","Std..Error","t.value","Pr...t.."
"x",0.505877710291548,0.460933707078031,1.09750643644273,0.304352324136335
"a",0.340822782100667,0.397822264882806,0.8567212350497,0.416522183463628
