"","Estimate","Std..Error","t.value","Pr...t.."
"a",0.766486586392016,0.132247203278934,5.79586235011228,0.000260823601345937
