"","Estimate","Std..Error","t.value","Pr...t.."
"x",0.646648386494038,0.329518133373982,1.96240607420573,0.0853400058750561
"a",0.166394095553534,0.259667625168765,0.640796462190425,0.539572731813839
