"","Estimate","Std..Error","t.value","Pr...t.."
"x",0.196494061738584,0.113493612618439,1.73132264631658,0.121637347694218
"a",0.395150739859187,0.100925260790772,3.91528084012955,0.0044478453112596
