"","Estimate","Std..Error","t.value","Pr...t.."
"a",0.495885201945724,0.246053320826994,2.01535667260672,0.074679690977492
