"","Estimate","Std..Error","t.value","Pr...t.."
"x",0.146145532958673,0.373140234622303,0.39166382876562,0.705532803358461
"a",0.519766733678589,0.261583253371128,1.98700309358549,0.0821533166161901
