"","Estimate","Std..Error","t.value","Pr...t.."
"a",0.467472618349681,0.209620770190729,2.23008730444192,0.0526892765577024
