"","Estimate","Std..Error","t.value","Pr...t.."
"x",0.651207920195303,0.201219935748658,3.23629921544514,0.0119436775837027
"a",0.385492351868538,0.157672024872446,2.44490011579666,0.0402556542628583
