"","Estimate","Std..Error","t.value","Pr...t.."
"x",0.226657802862827,0.331942066422666,0.682823377300486,0.514001902181724
"a",0.249357868056326,0.286186316488061,0.871313035215393,0.408968538535778
