"","Estimate","Std..Error","t.value","Pr...t.."
"a",0.743565996561491,0.145459055084291,5.11185773983342,0.000634910098856726
