"","Estimate","Std..Error","t.value","Pr...t.."
"x",0.562075937449582,0.321383164457504,1.74892775854755,0.118425800441727
"a",0.28768628560692,0.273817267507409,1.05065063363521,0.324118071888194
