"","Estimate","Std..Error","t.value","Pr...t.."
"x",0.381078685310236,0.173787007371893,2.1927915732777,0.0596607472951513
"a",0.47352540354878,0.141446230072989,3.34774142304417,0.0101141641600957
