"","Estimate","Std..Error","t.value","Pr...t.."
"a",0.519469189104022,0.208857792027664,2.48719084914589,0.0345810295541855
