"","Estimate","Std..Error","t.value","Pr...t.."
"a",0.909120128166446,0.160677930813171,5.65802735674716,0.000310413446698304
