"","Estimate","Std..Error","t.value","Pr...t.."
"x",0.422589317402202,0.347608516397334,1.21570472951003,0.258751567952596
"a",0.108515863978462,0.357691694334108,0.303378204463145,0.769341463534091
