"","Estimate","Std..Error","t.value","Pr...t.."
"x",0.760538397208095,0.514122762440333,1.47929337654323,0.177325354209562
"a",-0.0494622814957534,0.441930080052081,-0.111923319385556,0.913641513357973
