"","Estimate","Std..Error","t.value","Pr...t.."
"a",0.808999650857079,0.0968382379438283,8.35413435885053,1.56342184441258e-05
