"","Estimate","Std..Error","t.value","Pr...t.."
"a",0.693129046044691,0.200795562808746,3.45191415760957,0.00725276417967979
