"","Estimate","Std..Error","t.value","Pr...t.."
"x",1.09221825191791,0.285722872822885,3.82264899245558,0.00507059511640495
"a",-0.320278566388227,0.262382846633524,-1.22065360025447,0.256971811343942
