"","Estimate","Std..Error","t.value","Pr...t.."
"a",0.784351343823082,0.204066957105993,3.84359797855803,0.00394475151153047
