"","Estimate","Std..Error","t.value","Pr...t.."
"a",0.440547842581647,0.135817976911762,3.24366370784524,0.0100992551368428
