"","Estimate","Std..Error","t.value","Pr...t.."
"x",0.356408646682247,0.431769998628351,0.82545949884079,0.433034709764399
"a",0.448707511923895,0.259098375863043,1.731803645736,0.121548532841708
