"","Estimate","Std..Error","t.value","Pr...t.."
"x",0.992456867715987,0.291439806761446,3.40535796651947,0.00928662205752207
"a",-0.105708165080043,0.224609572752477,-0.470630720608402,0.650469291939974
