"","Estimate","Std..Error","t.value","Pr...t.."
"a",0.647733742768739,0.139205350040163,4.65308080890467,0.00119688458544011
