"","Estimate","Std..Error","t.value","Pr...t.."
"a",0.56797284830139,0.160293890551367,3.54332187176765,0.00628130071988563
