"","Estimate","Std..Error","t.value","Pr...t.."
"x",0.324852410779252,0.228863516911406,1.41941544534162,0.193546498278933
"a",0.309126355955419,0.170321259282033,1.8149604885409,0.107074866717664
