"","Estimate","Std..Error","t.value","Pr...t.."
"a",0.491705589921458,0.165140707570763,2.97749475071591,0.0155125306127368
