"","Estimate","Std..Error","t.value","Pr...t.."
"x",0.56174099578667,0.257336261857235,2.18290648870276,0.060587324640481
"a",0.368067916527346,0.179623193212205,2.04911130876353,0.0746110523130035
