"","Estimate","Std..Error","t.value","Pr...t.."
"a",0.465503582659996,0.150888150825341,3.08509038061468,0.0130323780741782
