"","Estimate","Std..Error","t.value","Pr...t.."
"x",0.245246619492656,0.215147580997937,1.13989949761512,0.287304682406025
"a",0.665930705361703,0.139696683215278,4.76697577948562,0.00141408574111736
