"","Estimate","Std..Error","t.value","Pr...t.."
"a",0.725991107680006,0.0839524004278661,8.64765157374856,1.18228678014435e-05
