"","Estimate","Std..Error","t.value","Pr...t.."
"x",0.395955606263894,0.413823961250595,0.956821362076999,0.366674657698714
"a",0.306477590365301,0.317997566652176,0.96377338226781,0.363383856064629
