"","Estimate","Std..Error","t.value","Pr...t.."
"a",0.717191881591396,0.259865721963716,2.75985565226465,0.02211737842468
