"","Estimate","Std..Error","t.value","Pr...t.."
"a",0.613629841320949,0.138661883267135,4.42536785786168,0.00165824098750859
