"","Estimate","Std..Error","t.value","Pr...t.."
"x",0.484922583542655,0.276302226463332,1.75504406804702,0.117328739939745
"a",0.420861500835516,0.204834013211431,2.05464656107236,0.0739725052277472
