"","Estimate","Std..Error","t.value","Pr...t.."
"x",0.425812547306534,0.374337219226681,1.13751057986217,0.288244492861091
"a",0.486101705074352,0.251985364866191,1.92908705365679,0.0898471535868297
