"","Estimate","Std..Error","t.value","Pr...t.."
"a",0.589182849581233,0.108523140391828,5.42909878440634,0.000416861216370892
