"","Estimate","Std..Error","t.value","Pr...t.."
"a",0.401346178947851,0.20786697349045,1.93078377102695,0.0855649029083263
