"","Estimate","Std..Error","t.value","Pr...t.."
"x",0.567353066429189,0.20363190279674,2.78616984194026,0.0236979026872617
"a",0.49587980302969,0.151011538660687,3.28372128002682,0.0111258173023831
