"","Estimate","Std..Error","t.value","Pr...t.."
"a",0.699838506862044,0.163947150836322,4.26868355620728,0.0020843440646182
