"","Estimate","Std..Error","t.value","Pr...t.."
"x",0.997205317806193,0.280710010948908,3.552439453211,0.00748276261583623
"a",-0.297405376854157,0.240114878691687,-1.23859620226214,0.250604165278302
