"","Estimate","Std..Error","t.value","Pr...t.."
"x",0.693037328756099,0.265130209508242,2.61395082077418,0.0309398194738418
"a",0.0836861215132882,0.196223776059578,0.426483085759593,0.681000085613471
