"","Estimate","Std..Error","t.value","Pr...t.."
"a",0.460879344565445,0.193029447686548,2.38761157993804,0.040716497171449
