"","Estimate","Std..Error","t.value","Pr...t.."
"x",0.542237685774268,0.27686371596684,1.95850035415696,0.0858568620376407
"a",0.267039224595395,0.18821820185154,1.41877470918581,0.193726918878208
