"","Estimate","Std..Error","t.value","Pr...t.."
"a",0.47880588641479,0.160866972139501,2.9764088926817,0.0155398963142788
