"","Estimate","Std..Error","t.value","Pr...t.."
"a",0.753513529755565,0.174836707762666,4.30981307871817,0.00196222619785259
