"","Estimate","Std..Error","t.value","Pr...t.."
"x",0.90469394567241,0.150231497917019,6.02199910282545,0.000315570985873006
"a",0.1609550058009,0.137926384534435,1.16696313286394,0.276829793376571
