"","Estimate","Std..Error","t.value","Pr...t.."
"a",0.569128279860489,0.221025009894249,2.57494968615901,0.0299436684495683
