"","Estimate","Std..Error","t.value","Pr...t.."
"x",0.453229777292305,0.138948549685128,3.26185324222074,0.0114953808486698
"a",0.399089819035265,0.121417142842105,3.2869313977702,0.011072629928694
