"","Estimate","Std..Error","t.value","Pr...t.."
"a",0.747176329883863,0.127779306494691,5.84739697201992,0.000244550970112207
