"","Estimate","Std..Error","t.value","Pr...t.."
"x",1.1976778593172,0.213962425225977,5.59760835601051,0.000511671244136403
"a",0.047830554868027,0.160447502241985,0.298107195186434,0.773216940611362
