"","Estimate","Std..Error","t.value","Pr...t.."
"a",0.530083559750624,0.176805278536328,2.99812066777016,0.0150020132719298
