"","Estimate","Std..Error","t.value","Pr...t.."
"x",0.406993617314486,0.284737835650943,1.42936261485606,0.190764398253964
"a",0.327698211739036,0.191377647072888,1.71231184389172,0.1251964604874
