"","Estimate","Std..Error","t.value","Pr...t.."
"a",0.470638769830415,0.159945408894803,2.94249627471306,0.0164199680332325
