"","Estimate","Std..Error","t.value","Pr...t.."
"a",0.648462111291806,0.0902802178825778,7.18277078302162,5.17888046897375e-05
