"","Estimate","Std..Error","t.value","Pr...t.."
"a",0.609029343287191,0.162985289458414,3.73671357280735,0.00464901766432459
