"","Estimate","Std..Error","t.value","Pr...t.."
"a",0.477872030380117,0.339511131708625,1.40752978547471,0.192857134300213
