"","Estimate","Std..Error","t.value","Pr...t.."
"a",0.596885620545058,0.187863950228784,3.17722277114987,0.0112348014479515
