"","Estimate","Std..Error","t.value","Pr...t.."
"x",0.222588908449496,0.229052131436596,0.971782742441369,0.359620010424403
"a",0.409902058684696,0.18803327648779,2.17994424359942,0.0608677473632782
