"","Estimate","Std..Error","t.value","Pr...t.."
"x",0.572415882623592,0.434371557512911,1.31780240377865,0.224053772945489
"a",0.334343831301546,0.288207513586984,1.16008020450389,0.279463934319039
