"","Estimate","Std..Error","t.value","Pr...t.."
"a",0.804297275087708,0.17467953309229,4.60441621779907,0.00128244169341485
