"","Estimate","Std..Error","t.value","Pr...t.."
"x",0.256709835462455,0.258293993480274,0.993866841437258,0.349393979287431
"a",0.375544453157928,0.247950201286964,1.5145962826757,0.168337924490032
