"","Estimate","Std..Error","t.value","Pr...t.."
"x",0.842226698438239,0.325843725701338,2.58475653206288,0.0323759710113218
"a",-0.174536832496028,0.296621232667827,-0.588416516667517,0.572486298849921
