"","Estimate","Std..Error","t.value","Pr...t.."
"x",-0.420903121632878,0.319045617103042,-1.31925686820182,0.223589479295813
"a",0.814147596690137,0.191425861324834,4.25307004526726,0.00278750026244417
