"","Estimate","Std..Error","t.value","Pr...t.."
"a",0.710372343876234,0.0904244910817814,7.85597281641057,2.55849059381976e-05
