"","Estimate","Std..Error","t.value","Pr...t.."
"x",0.421303782029152,0.390881671989169,1.07782946149705,0.312533843957232
"a",0.137769443813272,0.297228994694051,0.463512800812328,0.655346549242458
