"","Estimate","Std..Error","t.value","Pr...t.."
"x",0.350312031670382,0.310643750893203,1.12769701841135,0.292131200566736
"a",0.260683000699783,0.189215371988756,1.37770519361014,0.20560261829065
