"","Estimate","Std..Error","t.value","Pr...t.."
"a",0.477399778895988,0.126095703005518,3.78601147792561,0.00430899409009233
