"","Estimate","Std..Error","t.value","Pr...t.."
"a",0.70918102787882,0.0910107844998021,7.79227463840137,2.72954357714027e-05
