"","Estimate","Std..Error","t.value","Pr...t.."
"a",0.721872218090041,0.124883230632807,5.78037751291487,0.000265940005060544
