"","Estimate","Std..Error","t.value","Pr...t.."
"x",0.716148961350635,0.336759577282677,2.12658825364155,0.0661433657890418
"a",-0.0656514775079031,0.273887599550342,-0.239702263321476,0.816588527651226
