"","Estimate","Std..Error","t.value","Pr...t.."
"x",0.352604241660098,0.190947396462782,1.84660408150066,0.102006815012926
"a",0.378488852151768,0.167637288367845,2.25778438578208,0.0539084422280783
