"","Estimate","Std..Error","t.value","Pr...t.."
"a",0.670575610042399,0.188879377966961,3.55028493454535,0.00621311749080359
