"","Estimate","Std..Error","t.value","Pr...t.."
"a",0.505623068920114,0.0934128042263018,5.41278118249391,0.000425833071707267
