"","Estimate","Std..Error","t.value","Pr...t.."
"x",0.336718559636931,0.38989692754409,0.863609163985665,0.412944342268273
"a",0.164598685237051,0.225395584874519,0.730265791713204,0.486059927216398
