"","Estimate","Std..Error","t.value","Pr...t.."
"a",0.892206581623251,0.293542629039369,3.03944467807975,0.0140305107129867
