"","Estimate","Std..Error","t.value","Pr...t.."
"x",0.543229701032156,0.193271608505826,2.81070616233724,0.0228182203553938
"a",0.031651635290039,0.242287223279047,0.130636832028015,0.899287892384905
