"","Estimate","Std..Error","t.value","Pr...t.."
"x",0.831304167393199,0.525984707815281,1.58047212217649,0.152654020979379
"a",0.221352821037234,0.292370354669177,0.757097351021445,0.470699524246727
