"","Estimate","Std..Error","t.value","Pr...t.."
"a",0.745929467120452,0.178035476765336,4.1897799285456,0.00234188099611044
