"","Estimate","Std..Error","t.value","Pr...t.."
"x",1.00452156717841,0.258225846749838,3.89008915963228,0.00460864729533857
"a",-0.237198063435361,0.236904510668405,-1.00123911852133,0.346029790990892
