"","Estimate","Std..Error","t.value","Pr...t.."
"x",0.901864386412074,0.3322222950083,2.71464137104207,0.0264672810745019
"a",0.168184217727987,0.252297682035864,0.666610237441972,0.52377665325586
