"","Estimate","Std..Error","t.value","Pr...t.."
"a",0.719556210319014,0.118149018437555,6.09024281229489,0.000181380316309459
