"","Estimate","Std..Error","t.value","Pr...t.."
"a",0.627640384626384,0.154478521818315,4.0629621337558,0.00282934655975923
