"","Estimate","Std..Error","t.value","Pr...t.."
"x",0.654820259719291,0.176979165641529,3.6999850086627,0.00604273781727909
"a",0.248050181109806,0.13807834380946,1.79644522280845,0.110149748022488
