"","Estimate","Std..Error","t.value","Pr...t.."
"a",0.427065308206097,0.13183783534067,3.23932281732749,0.0101696773547507
