"","Estimate","Std..Error","t.value","Pr...t.."
"x",0.613402548782212,0.174033173560935,3.52463002444437,0.00779294709926707
"a",0.251861179814465,0.159841645647266,1.5756918592434,0.153745981184497
