"","Estimate","Std..Error","t.value","Pr...t.."
"a",0.823079693078484,0.135851014031099,6.05869377530054,0.00018847788252
