"","Estimate","Std..Error","t.value","Pr...t.."
"a",0.614330189195683,0.202394183509791,3.03531543516893,0.0141246056405982
