"","Estimate","Std..Error","t.value","Pr...t.."
"x",0.542503919528659,0.184973633593397,2.93287161521178,0.0189148305291657
"a",0.177103627961918,0.159771850666099,1.10847829091021,0.299864639343232
