"","Estimate","Std..Error","t.value","Pr...t.."
"a",0.824564554571561,0.0901979409103171,9.14172259643285,7.51227494663114e-06
