"","Estimate","Std..Error","t.value","Pr...t.."
"a",0.572840975413569,0.218053151763294,2.62707037610451,0.0274903827818115
