"","Estimate","Std..Error","t.value","Pr...t.."
"x",0.999675005311269,0.276088519306808,3.62084960222617,0.00677424786557168
"a",-0.0987747699478275,0.240065496736826,-0.411449255684211,0.691545215891905
