"","Estimate","Std..Error","t.value","Pr...t.."
"a",0.557302412260064,0.154494310112198,3.60726820201557,0.00568347831035388
