"","Estimate","Std..Error","t.value","Pr...t.."
"x",0.357317823022181,0.23116386449109,1.5457339052919,0.160752005219956
"a",0.566686584513671,0.167558311224185,3.38202611600372,0.00961276559105989
