"","Estimate","Std..Error","t.value","Pr...t.."
"x",0.256962343826154,0.255438170848316,1.0059668959137,0.343885385685592
"a",0.613692954539268,0.180986039209452,3.39083034923512,0.00948829478400025
