"","Estimate","Std..Error","t.value","Pr...t.."
"x",0.61867740999691,0.245132886761546,2.52384499758586,0.0355949825986992
"a",0.282575688793975,0.167614635907583,1.68586524239911,0.130308904289475
