"","Estimate","Std..Error","t.value","Pr...t.."
"a",0.389494475493249,0.187331004333438,2.07917785354939,0.0673548738186612
