"","Estimate","Std..Error","t.value","Pr...t.."
"a",0.573171285471116,0.0772488801744117,7.41980057415739,4.01828259247944e-05
