"","Estimate","Std..Error","t.value","Pr...t.."
"x",0.748927746803329,0.440601684314483,1.69978412127171,0.12759455263554
"a",0.096355069497278,0.272401551396151,0.353724378599995,0.73268654779914
