"","Estimate","Std..Error","t.value","Pr...t.."
"x",0.10482911709535,0.460970071043958,0.227409811786575,0.825809108946065
"a",0.336363903979146,0.281214147892934,1.19611302098218,0.265897683097138
