"","Estimate","Std..Error","t.value","Pr...t.."
"a",0.522409535130311,0.105011944135815,4.97476300843132,0.000764900550036024
