"","Estimate","Std..Error","t.value","Pr...t.."
"x",0.809245241831795,0.415063857731847,1.94968852805924,0.0870340573083864
"a",0.175519095669348,0.225560391517442,0.778146794694562,0.458875932660395
