"","Estimate","Std..Error","t.value","Pr...t.."
"a",0.445008827971483,0.10397070723839,4.28013658646314,0.00204954497470298
