"","Estimate","Std..Error","t.value","Pr...t.."
"a",0.628399060392206,0.146819513662347,4.28007861296548,0.00204971955423834
