"","Estimate","Std..Error","t.value","Pr...t.."
"x",0.627521483415139,0.318486017182414,1.97032663778053,0.0843010466442502
"a",0.321977917941714,0.187996188398494,1.71268322344504,0.125126013586133
