"","Estimate","Std..Error","t.value","Pr...t.."
"a",0.416684425277609,0.139365841487908,2.98986050547948,0.0152043583193748
