"","Estimate","Std..Error","t.value","Pr...t.."
"x",0.779893073356325,0.198528879320476,3.92836083105763,0.00436673690368512
"a",0.0033730837882442,0.137543975241796,0.0245236752995867,0.981035576032161
