"","Estimate","Std..Error","t.value","Pr...t.."
"a",0.646256653103549,0.116973147369564,5.52482913930469,0.000368181335263094
