"","Estimate","Std..Error","t.value","Pr...t.."
"x",0.628578261869915,0.118388567588095,5.30945069001006,0.000720132066491131
"a",0.323738689242063,0.113994866530823,2.8399409472928,0.0218139478669833
