"","Estimate","Std..Error","t.value","Pr...t.."
"a",0.604017444263169,0.215046960969798,2.80876996140391,0.0204180315268749
