"","Estimate","Std..Error","t.value","Pr...t.."
"x",0.566079189970172,0.255566782053146,2.2149951782562,0.0576302584152708
"a",0.36543222584417,0.225861448004618,1.61794865424178,0.144334785807405
